{
    "funkyHolder.gcode": {
        "statistics": {
            "averagePrintTime": {
                "_default": 1213.2306298100002
            },
            "lastPrintTime": {
                "_default": 1152.4086547650004
            }
        },
        "hash": "315bebedd228c801a713ba4d8784b71117e276d1",
        "analysis": {
            "estimatedPrintTime": 578.3770396046784,
            "printingArea": {
                "maxZ": 8.0,
                "maxX": 104.775,
                "maxY": 108.775,
                "minX": 0.0,
                "minY": 0.0,
                "minZ": 0.2
            },
            "dimensions": {
                "width": 104.775,
                "depth": 108.775,
                "height": 7.8
            },
            "filament": {
                "tool0": {
                    "volume": 1.7519290450618434,
                    "length": 745.3056699999498
                }
            }
        },
        "history": [
            {
                "timestamp": 1615663436.580126,
                "printTime": 1274.052604855,
                "printerProfile": "_default",
                "success": true
            },
            {
                "timestamp": 1616857559.104726,
                "printerProfile": "_default",
                "success": false
            },
            {
                "timestamp": 1616858759.055789,
                "printTime": 1152.4086547650004,
                "printerProfile": "_default",
                "success": true
            }
        ]
    },
    "J-Max_ClampItSquare_Mini.gcode": {
        "hash": "861c7f4b2f0ac832461bf6c6f2af78cdc8b03540",
        "analysis": {
            "estimatedPrintTime": 13619.302276827466,
            "printingArea": {
                "maxZ": 28.0,
                "maxX": 149.929,
                "maxY": 149.914,
                "minX": 0.0,
                "minY": 0.0,
                "minZ": 0.2
            },
            "dimensions": {
                "width": 149.929,
                "depth": 149.914,
                "height": 27.8
            },
            "filament": {
                "tool0": {
                    "volume": 80.53089464264488,
                    "length": 33480.85539001356
                }
            }
        }
    },
    "Clip-2Cables-9pcs.gcode": {
        "statistics": {
            "averagePrintTime": {
                "_default": 5544.448187573001
            },
            "lastPrintTime": {
                "_default": 5544.448187573001
            }
        },
        "hash": "b0d5d82c9397b6d4969ee351437bb078cc44494d",
        "analysis": {
            "estimatedPrintTime": 2471.2455365371547,
            "printingArea": {
                "maxZ": 7.4,
                "maxX": 129.29,
                "maxY": 128.085,
                "minX": 0.0,
                "minY": 0.0,
                "minZ": 0.2
            },
            "dimensions": {
                "width": 129.29,
                "depth": 128.085,
                "height": 7.2
            },
            "filament": {
                "tool0": {
                    "volume": 6.69159262254475,
                    "length": 2814.110300000678
                }
            }
        },
        "history": [
            {
                "timestamp": 1620117077.240102,
                "printTime": 5544.448187573001,
                "printerProfile": "_default",
                "success": true
            }
        ]
    },
    "dellCaddy.gcode": {
        "statistics": {
            "averagePrintTime": {
                "_default": 5839.135726783001
            },
            "lastPrintTime": {
                "_default": 5839.135726783001
            }
        },
        "hash": "07d0930eb87066217d9b03dd70e3eda618b74cbe",
        "analysis": {
            "estimatedPrintTime": 3528.3927626355976,
            "printingArea": {
                "maxZ": 10.0,
                "maxX": 164.775,
                "maxY": 135.775,
                "minX": 0.0,
                "minY": 0.0,
                "minZ": 0.2
            },
            "dimensions": {
                "width": 164.775,
                "depth": 135.775,
                "height": 9.8
            },
            "filament": {
                "tool0": {
                    "volume": 14.6184766395404,
                    "length": 6077.6563400000105
                }
            }
        },
        "history": [
            {
                "timestamp": 1620212737.200979,
                "printTime": 5839.135726783001,
                "printerProfile": "_default",
                "success": true
            }
        ]
    },
    "nut6TypIM6.gcode": {
        "statistics": {
            "averagePrintTime": {
                "_default": 1138.818128837
            },
            "lastPrintTime": {
                "_default": 1138.818128837
            }
        },
        "hash": "bc470c4422d1339c2f33319635fb08f4cf67de90",
        "analysis": {
            "estimatedPrintTime": 559.0211787390796,
            "printingArea": {
                "maxZ": 15.0,
                "maxX": 104.525,
                "maxY": 105.275,
                "minX": 0.0,
                "minY": 0.0,
                "minZ": 0.2
            },
            "dimensions": {
                "width": 104.525,
                "depth": 105.275,
                "height": 14.8
            },
            "filament": {
                "tool0": {
                    "volume": 1.1462675232959236,
                    "length": 487.64514000000145
                }
            }
        },
        "history": [
            {
                "timestamp": 1620094515.263114,
                "printTime": 1138.818128837,
                "printerProfile": "_default",
                "success": true
            }
        ]
    },
    "multipleCableClamps.gcode": {
        "statistics": {
            "averagePrintTime": {
                "_default": 2944.591373356
            },
            "lastPrintTime": {
                "_default": 2944.591373356
            }
        },
        "hash": "a7acf01dcd22f364eb52f4139a19640443481851",
        "analysis": {
            "estimatedPrintTime": 1318.4481104556965,
            "printingArea": {
                "maxZ": 10.0,
                "maxX": 120.785,
                "maxY": 129.728,
                "minX": 0.0,
                "minY": 0.0,
                "minZ": 0.2
            },
            "dimensions": {
                "width": 120.785,
                "depth": 129.728,
                "height": 9.8
            },
            "filament": {
                "tool0": {
                    "volume": 5.036573290212699,
                    "length": 2118.1015599999005
                }
            }
        },
        "history": [
            {
                "timestamp": 1620110990.526338,
                "printTime": 2944.591373356,
                "printerProfile": "_default",
                "success": true
            }
        ]
    },
    "RPiCamHolder.gcode": {
        "statistics": {
            "averagePrintTime": {
                "_default": 5069.158907753999
            },
            "lastPrintTime": {
                "_default": 5069.158907753999
            }
        },
        "hash": "e4cbde110eda2938b50589b8a53e94b20daf6baf",
        "analysis": {
            "estimatedPrintTime": 2963.4009647022344,
            "printingArea": {
                "maxZ": 12.6,
                "maxX": 173.183,
                "maxY": 158.275,
                "minX": 0.0,
                "minY": 0.0,
                "minZ": 0.2
            },
            "dimensions": {
                "width": 173.183,
                "depth": 158.275,
                "height": 12.4
            },
            "filament": {
                "tool0": {
                    "volume": 14.189278743951208,
                    "length": 6036.403090002592
                }
            }
        },
        "history": [
            {
                "timestamp": 1620090268.806845,
                "printTime": 5069.158907753999,
                "printerProfile": "_default",
                "success": true
            }
        ]
    },
    "aluCaps3x60_3x30.gcode": {
        "statistics": {
            "averagePrintTime": {
                "_default": 8807.555225442
            },
            "lastPrintTime": {
                "_default": 8807.555225442
            }
        },
        "hash": "9ac29764b9c5f4abcde4e741a17ea832d3706d43",
        "analysis": {
            "estimatedPrintTime": 4485.353873283981,
            "printingArea": {
                "maxZ": 6.0,
                "maxX": 148.275,
                "maxY": 160.274,
                "minX": 0.0,
                "minY": 0.0,
                "minZ": 0.2
            },
            "dimensions": {
                "width": 148.275,
                "depth": 160.274,
                "height": 5.8
            },
            "filament": {
                "tool0": {
                    "volume": 19.295023970758518,
                    "length": 8208.489269999875
                }
            }
        },
        "history": [
            {
                "timestamp": 1620140966.890235,
                "printTime": 8807.555225442,
                "printerProfile": "_default",
                "success": true
            }
        ]
    },
    "2pcs_1x1TBoxxStapelbar.gcode": {
        "statistics": {
            "averagePrintTime": {},
            "lastPrintTime": {}
        },
        "hash": "37e88432c30afcc25538ab3a6f2bc1bc653866c5",
        "analysis": {
            "estimatedPrintTime": 6046.205179940921,
            "printingArea": {
                "maxZ": 30.6,
                "maxX": 121.191,
                "maxY": 148.107,
                "minX": 0.0,
                "minY": 0.0,
                "minZ": 0.2
            },
            "dimensions": {
                "width": 121.191,
                "depth": 148.107,
                "height": 30.400000000000002
            },
            "filament": {
                "tool0": {
                    "volume": 23.616480843838193,
                    "length": 9490.41703000102
                }
            }
        },
        "history": [
            {
                "timestamp": 1620297021.482003,
                "printerProfile": "_default",
                "success": false
            }
        ]
    },
    "AXA_Holder_No_Hole.gcode": {
        "statistics": {
            "averagePrintTime": {
                "_default": 5758.404321762
            },
            "lastPrintTime": {
                "_default": 5758.404321762
            }
        },
        "hash": "fcdb81e736c152bc54ec82269649be2e4cd1540c",
        "analysis": {
            "estimatedPrintTime": 2962.180047801412,
            "printingArea": {
                "maxZ": 30.0,
                "maxX": 136.842,
                "maxY": 109.559,
                "minX": 0.0,
                "minY": 0.0,
                "minZ": 0.2
            },
            "dimensions": {
                "width": 136.842,
                "depth": 109.559,
                "height": 29.8
            },
            "filament": {
                "tool0": {
                    "volume": 14.758257551233108,
                    "length": 6135.770489997166
                }
            }
        },
        "history": [
            {
                "timestamp": 1619448263.145794,
                "printTime": 5758.404321762,
                "printerProfile": "_default",
                "success": true
            }
        ]
    },
    "30cap_clips.gcode": {
        "statistics": {
            "averagePrintTime": {
                "_default": 6534.62871157
            },
            "lastPrintTime": {
                "_default": 6534.62871157
            }
        },
        "hash": "68a83b38da0cd626ddc195b3bcaace154561c006",
        "analysis": {
            "estimatedPrintTime": 3287.8177676993505,
            "printingArea": {
                "maxZ": 11.0,
                "maxX": 151.635,
                "maxY": 136.27,
                "minX": 0.0,
                "minY": 0.0,
                "minZ": 0.2
            },
            "dimensions": {
                "width": 151.635,
                "depth": 136.27,
                "height": 10.8
            },
            "filament": {
                "tool0": {
                    "volume": 11.771872114248406,
                    "length": 5007.989940000066
                }
            }
        },
        "history": [
            {
                "timestamp": 1620169973.115391,
                "printTime": 6534.62871157,
                "printerProfile": "_default",
                "success": true
            }
        ]
    },
    "xyzCalibration_cube.gcode": {
        "statistics": {
            "averagePrintTime": {
                "_default": 3202.778141955
            },
            "lastPrintTime": {
                "_default": 3202.778141955
            }
        },
        "hash": "a1ccbe51ea26a87e24a236c1e99a72ae81951139",
        "analysis": {
            "estimatedPrintTime": 1720.0181731333241,
            "printingArea": {
                "maxZ": 20.04,
                "minX": 0.0,
                "maxX": 107.5,
                "maxY": 107.275,
                "minY": 0.0,
                "minZ": 0.12
            },
            "dimensions": {
                "width": 107.5,
                "depth": 107.275,
                "height": 19.919999999999998
            },
            "filament": {
                "tool0": {
                    "volume": 4.1895486437480205,
                    "length": 1683.5939299998572
                }
            }
        },
        "history": [
            {
                "timestamp": 1620286885.327325,
                "printTime": 3202.778141955,
                "printerProfile": "_default",
                "success": true
            }
        ]
    },
    "Lada3_uttag.gcode": {
        "statistics": {
            "averagePrintTime": {},
            "lastPrintTime": {}
        },
        "hash": "9f88771f07f9a54193d352e53d23e73d52d4d62b",
        "analysis": {
            "estimatedPrintTime": 14658.920926185438,
            "printingArea": {
                "maxZ": 27.0,
                "maxX": 178.933,
                "maxY": 149.254,
                "minX": 0.0,
                "minY": 0.0,
                "minZ": 0.2
            },
            "dimensions": {
                "width": 178.933,
                "depth": 149.254,
                "height": 26.8
            },
            "filament": {
                "tool0": {
                    "volume": 59.022725496344044,
                    "length": 24538.797759997902
                }
            }
        },
        "history": [
            {
                "timestamp": 1619569274.800838,
                "printerProfile": "_default",
                "success": false
            }
        ]
    },
    "SoapHolderKlein.gcode": {
        "statistics": {
            "averagePrintTime": {
                "_default": 10569.904675134
            },
            "lastPrintTime": {
                "_default": 10569.904675134
            }
        },
        "hash": "8bd0055eea81c0d583af1d36e1bb9e8e5453cc55",
        "analysis": {
            "estimatedPrintTime": 6115.4322936157005,
            "printingArea": {
                "maxZ": 26.6,
                "maxX": 132.275,
                "maxY": 132.275,
                "minX": 0.0,
                "minY": 0.0,
                "minZ": 0.2
            },
            "dimensions": {
                "width": 132.275,
                "depth": 132.275,
                "height": 26.400000000000002
            },
            "filament": {
                "tool0": {
                    "volume": 30.01469651610725,
                    "length": 12768.852459999489
                }
            }
        },
        "history": [
            {
                "timestamp": 1620069113.974905,
                "printTime": 10569.904675134,
                "printerProfile": "_default",
                "success": true
            }
        ]
    },
    "10small_painters_pyramid.gcode": {
        "statistics": {
            "averagePrintTime": {
                "_default": 12012.461727396993
            },
            "lastPrintTime": {
                "_default": 12012.461727396993
            }
        },
        "hash": "5559021a66dd323ef95854f80a523f7de2c94906",
        "analysis": {
            "estimatedPrintTime": 7493.3883597071335,
            "printingArea": {
                "maxZ": 28.8,
                "maxX": 169.937,
                "maxY": 174.945,
                "minX": 0.0,
                "minY": 0.0,
                "minZ": 0.2
            },
            "dimensions": {
                "width": 169.937,
                "depth": 174.945,
                "height": 28.6
            },
            "filament": {
                "tool0": {
                    "volume": 17.323526461949005,
                    "length": 7202.285369998203
                }
            }
        },
        "history": [
            {
                "timestamp": 1619181957.946312,
                "printTime": 12012.461727396993,
                "printerProfile": "_default",
                "success": true
            },
            {
                "timestamp": 1619183467.664679,
                "printerProfile": "_default",
                "success": false
            }
        ]
    },
    "grips_sandingtemplate.gcode": {
        "statistics": {
            "averagePrintTime": {
                "_default": 3925.0888452209997
            },
            "lastPrintTime": {
                "_default": 3925.0888452209997
            }
        },
        "hash": "d5d05a334950435245305b7aaea1582fc3ecd8c5",
        "analysis": {
            "estimatedPrintTime": 2242.180672885469,
            "printingArea": {
                "maxZ": 3.0,
                "maxX": 151.618,
                "maxY": 167.655,
                "minX": 0.0,
                "minY": 0.0,
                "minZ": 0.2
            },
            "dimensions": {
                "width": 151.618,
                "depth": 167.655,
                "height": 2.8
            },
            "filament": {
                "tool0": {
                    "volume": 11.161774552896373,
                    "length": 4748.442229999767
                }
            }
        },
        "history": [
            {
                "timestamp": 1619001995.637086,
                "printTime": 3925.0888452209997,
                "printerProfile": "_default",
                "success": true
            }
        ]
    },
    "alumiframe3030cap.gcode": {
        "statistics": {
            "averagePrintTime": {
                "_default": 4520.593007285999
            },
            "lastPrintTime": {
                "_default": 4519.344730047
            }
        },
        "hash": "385891bb21d031e5343037e3c4a7cc284f7f28ae",
        "analysis": {
            "estimatedPrintTime": 2216.4215475036594,
            "printingArea": {
                "maxZ": 6.0,
                "maxX": 130.275,
                "maxY": 130.275,
                "minX": 0.0,
                "minY": 0.0,
                "minZ": 0.2
            },
            "dimensions": {
                "width": 130.275,
                "depth": 130.275,
                "height": 5.8
            },
            "filament": {
                "tool0": {
                    "volume": 9.55094773325738,
                    "length": 4063.164269999652
                }
            }
        },
        "history": [
            {
                "timestamp": 1620153267.97171,
                "printTime": 4521.841284524999,
                "printerProfile": "_default",
                "success": true
            },
            {
                "timestamp": 1620161980.746577,
                "printTime": 4519.344730047,
                "printerProfile": "_default",
                "success": true
            }
        ]
    },
    "wrench_holder.gcode": {
        "hash": "739d5f843d5a817f703ea061d194444c9a059c0c",
        "analysis": {
            "estimatedPrintTime": 7428.897386924273,
            "printingArea": {
                "maxZ": 41.8,
                "maxX": 184.775,
                "maxY": 113.025,
                "minX": 0.0,
                "minY": 0.0,
                "minZ": 0.2
            },
            "dimensions": {
                "width": 184.775,
                "depth": 113.025,
                "height": 41.599999999999994
            },
            "filament": {
                "tool0": {
                    "volume": 36.5031143955261,
                    "length": 15176.23143000007
                }
            }
        }
    },
    "AXA_6_Holders.gcode": {
        "statistics": {
            "averagePrintTime": {
                "_default": 35203.742369227
            },
            "lastPrintTime": {
                "_default": 35203.742369227
            }
        },
        "hash": "8ce6ad6d0bca2ecab281ea1f58e9828958d86717",
        "analysis": {
            "estimatedPrintTime": 18829.364236062047,
            "printingArea": {
                "maxZ": 30.0,
                "maxX": 173.975,
                "maxY": 146.114,
                "minX": 0.0,
                "minY": 0.0,
                "minZ": 0.2
            },
            "dimensions": {
                "width": 173.975,
                "depth": 146.114,
                "height": 29.8
            },
            "filament": {
                "tool0": {
                    "volume": 92.58945138137275,
                    "length": 38494.2207099094
                }
            }
        },
        "history": [
            {
                "timestamp": 1619487798.124283,
                "printTime": 35203.742369227,
                "printerProfile": "_default",
                "success": true
            }
        ]
    },
    "calibration_cube.gcode": {
        "statistics": {
            "averagePrintTime": {
                "_default": 1120.417466604
            },
            "lastPrintTime": {
                "_default": 1120.417466604
            }
        },
        "hash": "99d0eabf3f351c05af69e356ad470139add6756b",
        "analysis": {
            "estimatedPrintTime": 757.9728292739665,
            "printingArea": {
                "maxZ": 24.96,
                "maxX": 109.775,
                "maxY": 109.775,
                "minX": 0.0,
                "minY": 0.0,
                "minZ": 0.12
            },
            "dimensions": {
                "width": 109.775,
                "depth": 109.775,
                "height": 24.84
            },
            "filament": {
                "tool0": {
                    "volume": 1.2903501989845378,
                    "length": 518.5345599999998
                }
            }
        },
        "history": [
            {
                "timestamp": 1620282465.918942,
                "printTime": 1120.417466604,
                "printerProfile": "_default",
                "success": true
            }
        ]
    },
    "t-boxx_rail.gcode": {
        "statistics": {
            "averagePrintTime": {
                "_default": 9973.013873175001
            },
            "lastPrintTime": {
                "_default": 9978.653874787002
            }
        },
        "hash": "09da707e2f074a15693d03085a1764815d41921d",
        "analysis": {
            "estimatedPrintTime": 5175.939570778531,
            "printingArea": {
                "maxZ": 8.0,
                "maxX": 167.185,
                "maxY": 167.185,
                "minX": 0.0,
                "minY": 0.0,
                "minZ": 0.2
            },
            "dimensions": {
                "width": 167.185,
                "depth": 167.185,
                "height": 7.8
            },
            "filament": {
                "tool0": {
                    "volume": 25.17358317692666,
                    "length": 10709.345980000284
                }
            }
        },
        "history": [
            {
                "timestamp": 1620238783.52831,
                "printerProfile": "_default",
                "success": false
            },
            {
                "timestamp": 1620260926.880677,
                "printTime": 9967.373871562999,
                "printerProfile": "_default",
                "success": true
            },
            {
                "timestamp": 1620274482.732149,
                "printTime": 9978.653874787002,
                "printerProfile": "_default",
                "success": true
            }
        ]
    },
    "30profileEndcapsMix.gcode": {
        "statistics": {
            "averagePrintTime": {
                "_default": 11714.365351729
            },
            "lastPrintTime": {
                "_default": 11714.365351729
            }
        },
        "hash": "24556bc32bef9420e0e3d9feac94c9ef5bea3649",
        "analysis": {
            "estimatedPrintTime": 5831.106780025699,
            "printingArea": {
                "maxZ": 12.0,
                "maxX": 160.76,
                "maxY": 152.442,
                "minX": 0.0,
                "minY": 0.0,
                "minZ": 0.2
            },
            "dimensions": {
                "width": 160.76,
                "depth": 152.442,
                "height": 11.8
            },
            "filament": {
                "tool0": {
                    "volume": 27.395425779890957,
                    "length": 11654.562280000768
                }
            }
        },
        "history": [
            {
                "timestamp": 1620129706.725512,
                "printTime": 11714.365351729,
                "printerProfile": "_default",
                "success": true
            }
        ]
    }
}