{
    "umgebung.gcode": {
        "statistics": {
            "averagePrintTime": {
                "_default": 15797.871361995
            },
            "lastPrintTime": {
                "_default": 15797.871361995
            }
        },
        "hash": "1d0629721c952741c9be51e51df25422f7e97aec",
        "analysis": {
            "estimatedPrintTime": 10109.055170500149,
            "printingArea": {
                "maxZ": 34.4,
                "maxX": 177.275,
                "maxY": 163.57,
                "minX": 0.0,
                "minY": 0.0,
                "minZ": 0.2
            },
            "dimensions": {
                "width": 177.275,
                "depth": 163.57,
                "height": 34.199999999999996
            },
            "filament": {
                "tool0": {
                    "volume": 56.34636323319764,
                    "length": 23970.870350001227
                }
            }
        },
        "history": [
            {
                "timestamp": 1619830231.045532,
                "printTime": 15797.871361995,
                "printerProfile": "_default",
                "success": true
            }
        ]
    },
    "UGfitTest.gcode": {
        "statistics": {
            "averagePrintTime": {
                "_default": 1509.361602861
            },
            "lastPrintTime": {
                "_default": 1509.361602861
            }
        },
        "hash": "e1b3ce0ac45219e7b649b922eda09eaa8bfe80c2",
        "analysis": {
            "estimatedPrintTime": 626.6081686599239,
            "printingArea": {
                "maxZ": 4.0,
                "maxX": 159.775,
                "maxY": 146.275,
                "minX": 0.0,
                "minY": 0.0,
                "minZ": 0.2
            },
            "dimensions": {
                "width": 159.775,
                "depth": 146.275,
                "height": 3.8
            },
            "filament": {
                "tool0": {
                    "volume": 2.5611581898395928,
                    "length": 1089.5679400000322
                }
            }
        },
        "history": [
            {
                "timestamp": 1619912239.66187,
                "printTime": 1509.361602861,
                "printerProfile": "_default",
                "success": true
            }
        ]
    },
    "EG.gcode": {
        "statistics": {
            "averagePrintTime": {
                "_default": 16789.343367969996
            },
            "lastPrintTime": {
                "_default": 16789.343367969996
            }
        },
        "hash": "b451007c72a2f6a43ac675a1bc7f6978b1b912ab",
        "analysis": {
            "estimatedPrintTime": 9705.719049494784,
            "printingArea": {
                "maxZ": 32.0,
                "maxX": 159.775,
                "maxY": 146.275,
                "minX": 0.0,
                "minY": 0.0,
                "minZ": 0.2
            },
            "dimensions": {
                "width": 159.775,
                "depth": 146.275,
                "height": 31.8
            },
            "filament": {
                "tool0": {
                    "volume": 52.15443830592674,
                    "length": 22187.541609995755
                }
            }
        },
        "history": [
            {
                "timestamp": 1619976423.230907,
                "printTime": 16789.343367969996,
                "printerProfile": "_default",
                "success": true
            }
        ]
    },
    "OG.gcode": {
        "statistics": {
            "averagePrintTime": {
                "_default": 12671.085230323
            },
            "lastPrintTime": {
                "_default": 12671.085230323
            }
        },
        "hash": "1ca5de4a55395e6243654aaa7e71d83669e5841a",
        "analysis": {
            "estimatedPrintTime": 7239.946094312001,
            "printingArea": {
                "maxZ": 28.0,
                "maxX": 159.775,
                "maxY": 146.275,
                "minX": 0.0,
                "minY": 0.0,
                "minZ": 0.2
            },
            "dimensions": {
                "width": 159.775,
                "depth": 146.275,
                "height": 27.8
            },
            "filament": {
                "tool0": {
                    "volume": 38.9420531289915,
                    "length": 16566.72858999955
                }
            }
        },
        "history": [
            {
                "timestamp": 1619991863.425016,
                "printTime": 12671.085230323,
                "printerProfile": "_default",
                "success": true
            }
        ]
    },
    "EGfitTest.gcode": {
        "statistics": {
            "averagePrintTime": {
                "_default": 5268.627577521
            },
            "lastPrintTime": {
                "_default": 5268.627577521
            }
        },
        "hash": "382f8b0a43a656dfe07791e449f7fb5a3c49f986",
        "analysis": {
            "estimatedPrintTime": 3237.0102001890186,
            "printingArea": {
                "maxZ": 5.0,
                "maxX": 159.775,
                "maxY": 146.275,
                "minX": 0.0,
                "minY": 0.0,
                "minZ": 0.2
            },
            "dimensions": {
                "width": 159.775,
                "depth": 146.275,
                "height": 4.8
            },
            "filament": {
                "tool0": {
                    "volume": 17.40643715507114,
                    "length": 7405.046649999665
                }
            }
        },
        "history": [
            {
                "timestamp": 1619918303.853919,
                "printTime": 5268.627577521,
                "printerProfile": "_default",
                "success": true
            }
        ]
    },
    "dach.gcode": {
        "statistics": {
            "averagePrintTime": {
                "_default": 10549.000612539001
            },
            "lastPrintTime": {
                "_default": 10549.000612539001
            }
        },
        "hash": "af97b7e3e5e9caf9671d621fa7db506663ff9c11",
        "analysis": {
            "estimatedPrintTime": 4489.843570017978,
            "printingArea": {
                "maxZ": 20.0,
                "maxX": 165.775,
                "maxY": 152.275,
                "minX": 0.0,
                "minY": 0.0,
                "minZ": 0.2
            },
            "dimensions": {
                "width": 165.775,
                "depth": 152.275,
                "height": 19.8
            },
            "filament": {
                "tool0": {
                    "volume": 26.571370957270087,
                    "length": 11303.99287000023
                }
            }
        },
        "history": [
            {
                "timestamp": 1620004954.107874,
                "printTime": 10549.000612539001,
                "printerProfile": "_default",
                "success": true
            }
        ]
    },
    "UG.gcode": {
        "statistics": {
            "averagePrintTime": {
                "_default": 13404.889868480997
            },
            "lastPrintTime": {
                "_default": 13404.889868480997
            }
        },
        "hash": "507227bfb0a8d900dfd88df44822911bdb3c1720",
        "analysis": {
            "estimatedPrintTime": 7908.010721855991,
            "printingArea": {
                "maxZ": 27.96,
                "maxX": 159.775,
                "maxY": 146.275,
                "minX": 0.0,
                "minY": 0.0,
                "minZ": 0.2
            },
            "dimensions": {
                "width": 159.775,
                "depth": 146.275,
                "height": 27.76
            },
            "filament": {
                "tool0": {
                    "volume": 44.38121941505178,
                    "length": 18880.658760002636
                }
            }
        },
        "history": [
            {
                "timestamp": 1619935366.559983,
                "printerProfile": "_default",
                "success": false
            },
            {
                "timestamp": 1619955696.939415,
                "printTime": 13404.889868480997,
                "printerProfile": "_default",
                "success": true
            }
        ]
    }
}